Mã sản phẩm;Tên sản phẩm;Loại log;Kiểu log;Người sửa;Thời gian
N502102;NGOẠM XOĂN N502102;Sửa sản phẩm;Sửa giá bán;LÊ SỸ BÁCH;2026-05-05 10:51:29
DDN150126;Đầu đội xoăn trung niên DDN150126;Sửa sản phẩm;Sửa giá bán;LÊ SỸ BÁCH;2026-04-29 15:43:42
DDN100124;Đầu đội machine weft DDN100124;Sửa sản phẩm;Sửa giá bán;LÊ SỸ BÁCH;2026-04-11 09:54:04
;;Xóa sản phẩm;;LÊ SỸ BÁCH;2026-04-02 14:52:30
MHNU030226;Mái phủ hói siêu da silk base MHNU030226;Sửa sản phẩm;Sửa giá bán;LÊ SỸ BÁCH;2026-02-03 11:41:51
MHNU0302266;Mái phủ hói siêu da silk base MHNU0302266;Sửa sản phẩm;Sửa giá bán;LÊ SỸ BÁCH;2026-02-03 11:23:47
TNU030226;TÉM XOĂN TNU030226;Sửa sản phẩm;;LÊ SỸ BÁCH;2026-02-03 10:44:00
MHNU0302264;Mái phủ hói siêu da silk base MHNU0302264;Sửa sản phẩm;Sửa giá bán;LÊ SỸ BÁCH;2026-02-03 10:41:10
MHNA2901261;Mái phủ hói nam MHNA2901261;Sửa sản phẩm;;LÊ SỸ BÁCH;2026-01-29 11:10:20
DDN230126;Nguyên đầu xoăn trung niên DDN230126;Sửa sản phẩm;Sửa giá bán;LÊ SỸ BÁCH;2026-01-23 14:09:01
TNU230126;Tóc tém TNU230126;Sửa sản phẩm;;LÊ SỸ BÁCH;2026-01-23 12:35:48
TLV451601234;TÓC LÔNG VŨ 451601234 ĐEN;Sửa sản phẩm;Sửa giá nhập;LÊ SỸ BÁCH;2026-01-17 15:33:06
TLV451601234;TÓC LÔNG VŨ 451601234 ĐEN;Sửa sản phẩm;Sửa giá nhập;LÊ SỸ BÁCH;2026-01-17 15:24:04
DDN271225;Đầu đội ngôi 271225;Sửa sản phẩm;Sửa giá bán;LÊ SỸ BÁCH;2026-01-16 18:20:51
N150126;NGOẠM NÂU HẠT DẺ;Sửa sản phẩm;;LÊ SỸ BÁCH;2026-01-15 15:58:19
DDN150126;Đầu đội xoăn trung niên DDN150126;Sửa sản phẩm;;LÊ SỸ BÁCH;2026-01-15 15:27:21
MHNU 2710;Mái hói nữ 2710;Sửa sản phẩm;;LÊ SỸ BÁCH;2026-01-14 16:36:45
MHNU2010;MÁI HÓI NỮ MHNU2010;Sửa sản phẩm;Sửa giá bán;LÊ SỸ BÁCH;2026-01-14 16:33:34
HÀ-250825;Đầu đội siêu da silk base DDV250825;Sửa sản phẩm;Sửa giá bán;LÊ SỸ BÁCH;2026-01-13 17:46:37
MHNU1301266;Mái phủ hói siêu da silk base MHNU1301266;Sửa sản phẩm;;LÊ SỸ BÁCH;2026-01-13 17:19:42
MHNU130126;Mái phủ hói siêu da silk base MHNU130126;Sửa sản phẩm;Sửa giá nhập;LÊ SỸ BÁCH;2026-01-13 16:54:35
MHNU1301261;Mái phủ hói siêu da silk base MHNU1301261;Sửa sản phẩm;Sửa giá nhập;LÊ SỸ BÁCH;2026-01-13 16:54:13
minh-090126;Đầu đội siêu da silk base DDV090126;Sửa sản phẩm;;LÊ SỸ BÁCH;2026-01-09 10:23:23
DDX1806-24;Đầu đội xoáy machine weft DDX1806-24;Sửa sản phẩm;;LÊ SỸ BÁCH;2025-12-23 15:05:10
hân-2107251;Mái phủ hói siêu da silk base MHNU2107251;Sửa sản phẩm;Sửa giá nhập;LÊ SỸ BÁCH;2025-12-21 15:23:20
MHNU0812255;Mái hói siêu da silk base MHNU0812255;Sửa sản phẩm;;LÊ SỸ BÁCH;2025-12-08 16:54:52
DDN2811251;Đầu đội machine weft DDN2811251;Sửa sản phẩm;Sửa giá bán;LÊ SỸ BÁCH;2025-11-28 10:40:32
MHNU0108241;MÁI PHỦ HÓI SIÊU DA MHNU0108241;Sửa sản phẩm;Sửa giá bán;LÊ SỸ BÁCH;2025-11-28 09:35:31
MHNU0108241;MÁI PHỦ HÓI SIÊU DA MHNU0108241;Sửa sản phẩm;Sửa giá bán;LÊ SỸ BÁCH;2025-11-28 09:34:56
MHNU010824;MÁI PHỦ HÓI SIÊU DA MHNU010824;Sửa sản phẩm;Sửa giá bán;LÊ SỸ BÁCH;2025-11-28 09:34:10
hân-191125;Mái phủ hói siêu da silk base MHNU191125;Sửa sản phẩm;Sửa giá bán;LÊ SỸ BÁCH;2025-11-28 09:33:26
;sửa tóc cô liên;Sửa sản phẩm;Sửa giá nhập;LÊ SỸ BÁCH;2025-11-22 12:13:48
;sửa tóc cô liên;Sửa sản phẩm;Sửa giá nhập;LÊ SỸ BÁCH;2025-11-22 12:12:54
HÂN-1911251;Đầu đội siêu da silk base DDV1911251;Sửa sản phẩm;Sửa giá nhập;LÊ SỸ BÁCH;2025-11-19 11:26:50
hà-191125;Đầu đội siêu da silk base DDV191125;Sửa sản phẩm;;LÊ SỸ BÁCH;2025-11-19 11:26:06
TNU041125;Tóc tém siêu da TNU041125;Sửa sản phẩm;;LÊ SỸ BÁCH;2025-11-04 16:30:27
TNU231025;TÓC TÉM SIÊU DA TNU231025;Sửa sản phẩm;Sửa giá bán;LÊ SỸ BÁCH;2025-11-04 16:27:49
DDV2409251;Đầu đội siêu da silk base DDV2409251;Sửa sản phẩm;Sửa giá bán;LÊ SỸ BÁCH;2025-11-04 16:27:15
DDV2409251;Đầu đội siêu da silk base DDV2409251;Sửa sản phẩm;;LÊ SỸ BÁCH;2025-10-23 10:51:24
TNU2409251;TÓC TÉM TNU2409251;Sửa sản phẩm;Sửa giá nhập;LÊ SỸ BÁCH;2025-09-24 15:11:14
DDV240925;Đầu đội siêu da silk base DDV240925;Sửa sản phẩm;Sửa giá nhập;LÊ SỸ BÁCH;2025-09-24 15:10:52
DDV6125;Đầu đội silk base DDV6125;Sửa sản phẩm;;LÊ SỸ BÁCH;2025-08-21 15:11:30
MT1507;Mái thưa MT1507;Sửa sản phẩm;;LÊ SỸ BÁCH;2025-07-15 14:12:20
;;Xóa sản phẩm;;LÊ SỸ BÁCH;2025-07-15 10:08:47
VIC304;VÍC305;Sửa sản phẩm;;LÊ SỸ BÁCH;2025-07-15 10:01:43
MHNU2607242;Mái phủ 1 ngôi MHNU2607242;Sửa sản phẩm;;LÊ SỸ BÁCH;2025-07-14 18:28:54
MHNU2607241;Mái phủ siêu da 1 ngôi MHNU2607241;Sửa sản phẩm;;LÊ SỸ BÁCH;2025-07-14 18:16:42
MHNA14071;Mái phủ hói mono nam MHNA14071;Sửa sản phẩm;;LÊ SỸ BÁCH;2025-07-14 18:07:49
MHNA140725;Mái phủ hói nam siêu da silk base;Sửa sản phẩm;;LÊ SỸ BÁCH;2025-07-14 18:06:14
HUYỀN-30125;Mái phủ hói siêu da silk base MHNU30125;Sửa sản phẩm;;LÊ SỸ BÁCH;2025-07-14 18:03:53
MHNU0207254;Mái hói siêu da đầu silk base MHNU0207254;Sửa sản phẩm;;LÊ SỸ BÁCH;2025-07-02 15:18:32
DDV2306251;1Đầu đội siêu da silk base DDV2306251;Sửa sản phẩm;;LÊ SỸ BÁCH;2025-06-23 17:54:16
DDV230625;Đầu đội siêu da silk base DDV230625;Sửa sản phẩm;;LÊ SỸ BÁCH;2025-06-23 17:53:52
HÂN-170425;Đâu đội khách đặt DDV170425;Sửa sản phẩm;Sửa giá bán;LÊ SỸ BÁCH;2025-04-22 14:24:47
MINH-160425;Đâu đội khách đặt DDV160425;Sửa sản phẩm;;LÊ SỸ BÁCH;2025-04-17 13:50:56
MINH-170425;Đâu đội siêu da SILK BASE DDV170425;Sửa sản phẩm;;LÊ SỸ BÁCH;2025-04-17 13:50:42
trang-0504253;Mái phủ hói silk base MHNU0504253;Sửa sản phẩm;Sửa giá bán;LÊ SỸ BÁCH;2025-04-05 11:33:59
;;Xóa sản phẩm;;LÊ SỸ BÁCH;2025-03-18 18:01:08
MINH-183253;Đầu đội siêu da silk base DDV183253;Sửa sản phẩm;Sửa giá bán;LÊ SỸ BÁCH;2025-03-18 18:00:59
SEN-183252;Đầu đội siêu da silk base DDV183252;Sửa sản phẩm;;LÊ SỸ BÁCH;2025-03-18 17:58:37
;;Sửa sản phẩm;;LÊ SỸ BÁCH;2025-03-18 17:57:52
DDV183251;Đầu đội siêu da silk base DDV183251;Sửa sản phẩm;Sửa giá bán;LÊ SỸ BÁCH;2025-03-18 17:57:11
HÀ-18325;Mái phủ hói silk base MNHU180325;Sửa sản phẩm;;LÊ SỸ BÁCH;2025-03-18 17:56:29
SEN-2112241;Đầu đội siêu da silk base DDV2112241;Sửa sản phẩm;Sửa giá bán;LÊ SỸ BÁCH;2025-02-19 11:43:28
SEN-2112241;Đầu đội siêu da silk base DDV2112241;Sửa sản phẩm;Sửa giá bán;LÊ SỸ BÁCH;2025-02-18 15:52:45
SEN-2112241;Đầu đội siêu da silk base DDV2112241;Sửa sản phẩm;Sửa giá bán;LÊ SỸ BÁCH;2025-02-18 15:24:37
;;Xóa sản phẩm;;LÊ SỸ BÁCH;2025-01-25 15:06:49
MHNU071258;Mái hói siêu da MHNU071258;Sửa sản phẩm;Sửa giá bán;LÊ SỸ BÁCH;2025-01-09 15:11:05
MHNU07125;Mái phủ hói 8*13 MHNU07125;Sửa sản phẩm;Sửa giá bán;LÊ SỸ BÁCH;2025-01-07 17:20:26
;Mái phủ hói siêu da đầu MHNU301224;Sửa sản phẩm;Sửa giá bán;LÊ SỸ BÁCH;2024-12-30 14:18:10
HUYỀN 21124;Đầu đội siêu da silk base DDV21124;Sửa sản phẩm;Sửa giá bán;LÊ SỸ BÁCH;2024-12-03 15:33:14
HUYEN -301124;Mái hói siêu da silk base MHNU301124;Sửa sản phẩm;;LÊ SỸ BÁCH;2024-12-03 15:32:01
MHNU191124;Mái phủ hói 1 ngôi MHNU191124;Sửa sản phẩm;;LÊ SỸ BÁCH;2024-12-03 15:25:53
MHNA82;Mái Phủ Hói Nam siêu da Silk Base 82;Sửa sản phẩm;Sửa giá nhập;LÊ SỸ BÁCH;2024-12-03 13:50:15
HÂN-271124;Mái hói siêu da silk base MHNU271124;Sửa sản phẩm;Sửa giá bán;LÊ SỸ BÁCH;2024-11-27 11:01:48
SEN 101124;Đầu đội siêu da silk base DDV201124;Sửa sản phẩm;Sửa giá bán;LÊ SỸ BÁCH;2024-11-20 14:07:11
MINH 2011241;Đầu đội siêu da silk base DDV2011241;Sửa sản phẩm;Sửa giá bán;LÊ SỸ BÁCH;2024-11-20 14:06:49
HÀ-DDN2308241;Đầu đội siêu da Silkbase DDN2308241;Sửa sản phẩm;Sửa giá bán;LÊ SỸ BÁCH;2024-11-15 17:43:38
MHNU131124;mái hói có ngôi da đầu MHNU131124;Sửa sản phẩm;Sửa giá bán;LÊ SỸ BÁCH;2024-11-13 11:47:31
;;Xóa sản phẩm;;LÊ SỸ BÁCH;2024-09-29 15:27:26
HÀ-DDV280924;ĐẦU ĐỘI NGÔI DDV280924;Sửa sản phẩm;;LÊ SỸ BÁCH;2024-09-28 14:02:23
HÀ-DDV280924;ĐẦU ĐỘI NGÔI DDV280924;Sửa sản phẩm;;LÊ SỸ BÁCH;2024-09-28 14:00:40
SEN-MHNU2009241;Mái siêu da silkbase MHNU2009241;Sửa sản phẩm;;LÊ SỸ BÁCH;2024-09-20 11:46:51
TNU 350;Tém nữ 350;Sửa sản phẩm;Sửa giá bán;LÊ SỸ BÁCH;2024-08-15 17:18:11
MPNA 007;Mái Phủ Nam 07;Sửa sản phẩm;;LÊ SỸ BÁCH;2024-08-15 17:16:06
MPNA 007;Mái Phủ Nam 07;Sửa sản phẩm;Sửa giá bán;LÊ SỸ BÁCH;2024-08-15 17:15:58
MHN 401;Mái Phủ Nam MHN401;Sửa sản phẩm;Sửa giá bán;LÊ SỸ BÁCH;2024-08-15 17:12:24
K4062102;Tóc kẹp 3 phím 35cm K4062102;Sửa sản phẩm;Sửa giá bán;LÊ SỸ BÁCH;2024-08-15 17:10:47
MHNU191023;Mái hói machine weft MHNU191023;Sửa sản phẩm;Sửa giá bán;LÊ SỸ BÁCH;2024-08-15 17:06:35
TNU1904231;TÉM NỮ TNU1904241;Sửa sản phẩm;Sửa giá bán;LÊ SỸ BÁCH;2024-08-15 17:00:25
TNU190424;Tóc tém TNU190424;Sửa sản phẩm;Sửa giá bán;LÊ SỸ BÁCH;2024-08-15 16:57:35
HUYỀN- MHNU1008241;Mái hói siêu da đầu silk base MHNU1008241;Sửa sản phẩm;;LÊ SỸ BÁCH;2024-08-10 15:49:28
HUYỀN-MHNU100824;Mái hói siêu da đầu silk base MHNU100824;Sửa sản phẩm;;LÊ SỸ BÁCH;2024-08-10 15:47:31
HUYỀN-260724;Đầu đội siêu da silk base DDV260724;Sửa sản phẩm;Sửa giá bán;LÊ SỸ BÁCH;2024-07-31 18:05:55
;Đầu đội may tóc của khách;Sửa sản phẩm;;LÊ SỸ BÁCH;2024-07-31 11:27:29
HUYỀN-2607241;Mái phủ hói siêu da silk base MHNU2607241;Sửa sản phẩm;Sửa giá bán;LÊ SỸ BÁCH;2024-07-26 15:23:45
HÀ-240724;Mái hói siêu da silk base MHNU240724;Sửa sản phẩm;Sửa giá bán;LÊ SỸ BÁCH;2024-07-24 16:09:12
HUYỀN-2407244;Mái phủ hói siêu da silk base MHNU2407244;Sửa sản phẩm;Sửa giá bán;LÊ SỸ BÁCH;2024-07-24 16:08:36
HUYỀN DDV170624;Đầu đội siêu da silk base DDV170624;Sửa sản phẩm;;LÊ SỸ BÁCH;2024-07-05 18:04:12
HÀ 220624-2;đầu đội siêu da silkbase 220624;Sửa sản phẩm;;LÊ SỸ BÁCH;2024-07-05 18:03:12
HUYỀN  DDV280624;Đầu đội siêu da silk base DDV280624;Sửa sản phẩm;;LÊ SỸ BÁCH;2024-07-05 18:01:54
HUYỀN  DDV280624;Đầu đội siêu da silk base DDV280624;Sửa sản phẩm;;LÊ SỸ BÁCH;2024-07-05 17:59:59
MINH 020724-2;đầu đội siêu da silkbase 020724;Sửa sản phẩm;;LÊ SỸ BÁCH;2024-07-05 17:59:10
HUYỀN DDV050724;Đầu đội siêu da khách đặt DDV050724;Sửa sản phẩm;;LÊ SỸ BÁCH;2024-07-05 17:58:14
SEN DDV0507241;Đầu đội siêu da SILK BASE DDV0507241;Sửa sản phẩm;;LÊ SỸ BÁCH;2024-07-05 17:57:59
HUYỀN  DDV280624;Đầu đội siêu da silk base DDV280624;Sửa sản phẩm;Sửa giá bán;LÊ SỸ BÁCH;2024-06-28 18:30:06
MHNU270124;Mái hói siêu da đầu silk base MHNU270124;Sửa sản phẩm;Sửa giá bán;LÊ SỸ BÁCH;2024-06-28 18:08:35
DDN110624;Đầu đội pixel Đầu đội pixel DDN110624;Sửa sản phẩm;Sửa giá bán;LÊ SỸ BÁCH;2024-06-11 17:33:39
;;Xóa sản phẩm;;LÊ SỸ BÁCH;2024-06-11 17:32:27
;;Sửa sản phẩm;Sửa giá bán;LÊ SỸ BÁCH;2024-06-11 17:31:55
DDV1208231;Đầu đội siêu da đầu silk base DDV1208231;Sửa sản phẩm;Sửa giá bán;LÊ SỸ BÁCH;2024-06-03 11:20:48
;xịt dưỡng tóc XD41023;Sửa sản phẩm;;LÊ SỸ BÁCH;2024-05-20 10:15:26
MHNU170523;Mái hói siêu da đầu silk base MHNU170523;Sửa sản phẩm;Sửa giá bán;LÊ SỸ BÁCH;2024-05-17 17:07:08
DDN140524;Đầu đội machine weft DDN140524;Sửa sản phẩm;Sửa giá bán;LÊ SỸ BÁCH;2024-05-14 10:12:20
DDN140524;Đầu đội machine weft DDN140524;Sửa sản phẩm;Sửa giá bán;LÊ SỸ BÁCH;2024-05-14 10:09:24
DDN140524;Đầu đội machine weft DDN140524;Sửa sản phẩm;Sửa giá bán;LÊ SỸ BÁCH;2024-05-14 10:08:38
